fundo;data_referencia;net_worth;pv_credit_rights;pdd;total_cash;cash_idleness;net_allocation;threshold_net_allocation;status_net_allocation;subordination_senior;threshold_senior;status_senior;subordination_mezzanine_a;threshold_mezzanine_a;status_mezzanine_a;subordination_mezzanine_b;threshold_mezzanine_b;status_mezzanine_b;subordination_mezzanine_c;threshold_mezzanine_c;status_mezzanine_c;retorno_junior;threshold_junior_return;vl_dicred_aquis_mes;vl_som_prazo_venc;vl_som_inad_venc;CR_due_30;CR_due_31_60;CR_due_61_90;CR_due_91_120;CR_due_121_150;CR_due_151_180;CR_due_181_360;CR_due_maior_360;vl_inad_venc_30;vl_inad_venc_31_60;vl_inad_venc_61_90;vl_inad_venc_91_120;vl_inad_venc_121_150;vl_inad_venc_151_180;vl_inad_venc_181_360;vl_inad_venc_maior_360;cash;government_securities;sovereign_fund;other_assets;delinq_ratio_30;delinq_ratio_31_60;delinq_ratio_61_90;delinq_ratio_91_120;delinq_ratio_121_150;delinq_ratio_151_180;delinq_ratio_181_360;delinq_ratio_maior_360;subordination_mezzanine_d;subordination_mezzanine_e;subordination_mezzanine_f;subordination_mezzanine_g;subordination_mezzanine_h;total_cash;total_senior;total_subord_Junior;total_subord_Mezza_A;total_subord_Mezza_B;total_subord_Mezza_C;total_subord_Mezza_D;total_subord_Mezza_E;total_subord_Mezza_F;total_subord_Mezza_G;total_subord_Mezza_H
FIDC Alume;31/08/2024;80562976.34;83899842.07;4862918.93;2097015.26;0.026029516;0.973970484;0.67;OK;0.329115148;0.3;OK;0.329115148;;N/A;0.329115148;;N/A;0.329115148;;N/A;1.94;0;4641420.2;80822081.08;3077760.99;2783771.51;3035660.48;3060185.62;3029028.85;3173999.12;3213992.66;18973962.2;43551480.64;650658.26;369632.21;304772.16;270411.64;250367.23;243133.98;700143.09;288642.42;0;0;1949461.57;147553.69;0.007755179;0.004405637;0.003632571;0.003223029;0.00298412;0.002897907;0.008344987;0.003440321;0.329115148;0.329115148;0.329115148;0.329115148;0.329115148;2097015.26;54048480.42;26514495.92;0;0;0;0;0;0;0;0
FIDC Alume;30/09/2024;83955206;84682506.01;5402164.29;5261063.88;0.015487806;0.984512194;0.67;OK;0.3213;0.3;OK;0.079421795;;N/A;0.079421795;;N/A;0.079421795;;N/A;1.75;0;2735149.15;81341977.18;3340528.83;2910769.2;3094512.97;3101547.48;3241434.03;3289298.33;3528301.98;19144081.07;43032032.12;706921.45;373713.39;305938.17;272558.79;253012.54;237410.12;827349.08;363625.29;0;0;5069246.46;191817.42;0.008347904;0.004413112;0.003612767;0.003218596;0.002987778;0.002803532;0.009770012;0.004293984;0.079421795;0.079421795;0.079421795;0.079421795;0.079421795;5261063.88;312711867;26978846.36;0;0;0;0;0;0;0;0
FIDC Alume;31/10/2024;85617801.01;85298652.92;5445828.38;6466377.43;0.075526086;0.924473914;0.67;OK;0.3253539;0.3;OK;0.3253539;;N/A;0.3253539;;N/A;0.3253539;;N/A;3.25;0;2550207.35;81728718.94;3569933.98;2994890.98;3146879.99;3305402.2;3357113.07;3615192.21;3589881.45;19294087.31;42425271.73;754587.62;408057.95;311890.06;275276.56;250768;235927.74;915272.17;418153.88;0;0;6339300.23;127077.2;0.008846419;0.004783873;0.003656448;0.003227209;0.002939882;0.002765902;0.010730207;0.004902233;0.3253539;0.3253539;0.3253539;0.3253539;0.3253539;6466377.43;57761715.55;27856085.46;0;0;0;0;0;0;0;0
FIDC Alume;30/11/2024;82460923.82;85218741.06;5617724.51;3744662.77;0.045411361;0.954588639;0.67;OK;0.346240175;0.3;OK;0.346240175;;N/A;0.346240175;;N/A;0.346240175;;N/A;2.34;0;2413157.61;81440789.89;3777951.17;3013066.21;3351653.02;3408291.63;3674740.86;3659487.61;3563649.41;18629682.6;42140218.55;746143.88;430679.55;323028.06;271233.52;261729.12;237468;1018077.26;489591.78;0;0;3579054.61;165608.16;0.008755631;0.005053813;0.003790575;0.003182792;0.003071262;0.00278657;0.011946636;0.005745119;0.346240175;0.346240175;0.346240175;0.346240175;0.346240175;3744662.77;53909639.12;28551284.7;0;0;0;0;0;0;0;0
FIDC Alume;31/12/2024;88935635.57;87012949.98;5974297.86;9010550.2;0.101315408;0.898684592;0.67;OK;0.327818484;0.3;OK;0.327818484;;N/A;0.327818484;;N/A;0.327818484;;N/A;1.86;0;3802628.31;82941306.45;4071643.53;3176206.06;3465298.6;3734383.75;3732420.4;3643418.26;3540493.34;19657674.29;41991411.75;802215.17;451080.87;366082.61;297873.43;253859.94;250578.17;1095367.31;554586.03;142773.59;0;8832169.13;35607.48;0.009219492;0.005184066;0.00420722;0.003423323;0.002917496;0.00287978;0.012588555;0.006373603;0.327818484;0.327818484;0.327818484;0.327818484;0.327818484;9010550.2;59780890.34;29154745.23;0;0;0;0;0;0;0;0
FIDC Alume;31/01/2025;90469311.56;92169286.53;6363904.16;5924237.93;0.065483398;0.934516602;0.67;OK;0.329692919;0.3;OK;0.329692919;;N/A;0.329692919;;N/A;0.329692919;;N/A;2.31;0;7286434.33;87691428.1;4477858.43;3421043.7;3881073.69;3887809.38;3800610.62;3713593.6;3664671.06;20444316.28;44878309.77;964232.9;481997.75;379369.93;325800.88;269764.91;235165.42;1171199.36;650327.28;0;0;5808464.28;115773.65;0.010461542;0.005229483;0.004116012;0.00353481;0.002926842;0.002551451;0.012707046;0.007055792;0.329692919;0.329692919;0.329692919;0.329692919;0.329692919;5924237.93;60642220.19;29827091.37;0;0;0;0;0;0;0;0
FIDC Alume;28/02/2025;88329304.12;93621461.16;6706126.54;2144223.58;0.024275336;0.975724664;0.67;OK;0.344721174;0.3;OK;0.344721174;;N/A;0.344721174;;N/A;0.344721174;;N/A;2.08;0;4364687.43;88769889.82;4851571.34;3682825.66;3940139.04;3882511.5;3791863.78;3762347.51;3762385.12;19944015.63;46003801.58;990020.2;582144.98;406950.13;330476.14;303729.39;254171.03;1226792.68;757286.79;0;0;1984299.88;159923.7;0.010574714;0.006218072;0.004346761;0.003529919;0.003244228;0.00271488;0.013103755;0.008088816;0.344721174;0.344721174;0.344721174;0.344721174;0.344721174;2144223.58;57880322.7;30448981.42;0;0;0;0;0;0;0;0
FIDC Alume;31/03/2025;89323895.54;93689704.31;7423103.59;3319784.17;0.03716569;0.96283431;0.67;OK;0.34338254;0.3;OK;0.34338254;;N/A;0.34338254;;N/A;0.34338254;;N/A;0.73;0;3681526.65;88358249.17;5331455.14;3724858.75;3956480.67;3862178.81;3838371.35;3847231.08;3927349.67;20966717.48;44235061.36;1090212.43;609981.77;467282.67;362400.71;319624.22;296384.76;1292774.63;892793.95;0;0;3164501.08;155283.09;0.011636417;0.00651066;0.004987556;0.003868095;0.003411519;0.003163472;0.013798471;0.009529264;0.34338254;0.34338254;0.34338254;0.34338254;0.34338254;3319784.17;58651629.41;30672266.13;0;0;0;0;0;0;0;0
FIDC Alume;30/04/2025;90427999.05;93934432.8;8193856.63;4907408.67;0.054268686;0.945731314;0.67;OK;0.342008275;0.3;OK;0.342008275;;N/A;0.342008275;;N/A;0.342008275;;N/A;0.83;0;2987823.92;88130264.68;5804168.12;3759341.81;3944494.83;3930798.39;3943653.45;4029800.01;3951126.62;21235297.39;43335752.18;1154523.5;691225.01;497372.62;424942.51;331083.51;296274.88;1349303.3;1059442.79;0;0;4775486.41;131922.26;0.012290738;0.00735859;0.005294891;0.00452382;0.003524624;0.00315406;0.01436431;0.011278535;0.342008275;0.342008275;0.342008275;0.342008275;0.342008275;4907408.67;59500875.06;30927123.99;0;0;0;0;0;0;0;0
FIDC Alume;31/05/2025;88532834.96;93820279.56;8479017.72;3472158.45;0.039218878;0.960781122;0.67;OK;0.357377849;0.3;OK;0.357377849;;N/A;0.357377849;;N/A;0.357377849;;N/A;2.3;0;4221848.89;88014864.86;5805414.7;3741257.09;3966753.14;3993159.23;4089763.63;4021292.68;3870288.42;21448272.65;42884078.02;1078926.55;610775.02;491340.89;399093.86;364498.67;299240.04;1364335.98;1197203.69;0;0;3354237.31;117921.14;0.011499929;0.006510053;0.005237044;0.004253812;0.003885073;0.003189503;0.014542016;0.012760607;0.357377849;0.357377849;0.357377849;0.357377849;0.357377849;3472158.45;56893160.82;31639674.14;0;0;0;0;0;0;0;0
FIDC Alume;30/06/2025;92026612.95;95418060.14;8970751.26;5892181.02;0.064026925;0.935973075;0.67;OK;0.34975502;0.3;OK;0.34975502;;N/A;0.34975502;;N/A;0.34975502;;N/A;1.73;0;5171911.36;89351370.31;6066689.83;3841803.1;4103354.21;4229227.8;4160105.68;4002202.34;3861724.57;21928722.94;43224229.67;1065051.82;617909.59;467416.19;430540.95;370910.54;337465.07;1429777;1347618.67;0;0;5716988.75;175192.27;0.011161952;0.006475814;0.004898613;0.004512154;0.003887215;0.0035367;0.014984344;0.014123308;0.34975502;0.34975502;0.34975502;0.34975502;0.34975502;5892181.02;59839843.1;32186769.85;0;0;0;0;0;0;0;0
FIDC Alume;31/07/2025;94080020.04;99570364.74;9148619.47;4259522.19;0.045275524;0.954724476;0.67;OK;0.352958125;0.3;OK;0.352958125;;N/A;0.352958125;;N/A;0.352958125;;N/A;3.17;0;7453474.39;93267424.71;6302940.03;3982194.11;4380271.41;4332628.29;4181748.81;4041515.38;3965994.72;22632558.85;45750513.14;1066659.86;623437.95;492472.06;409753.07;396974.66;331366.67;1476252.96;1506022.8;0;0;4062976.67;196545.52;0.010712624;0.00626128;0.00494597;0.004115211;0.003986876;0.003327965;0.014826228;0.015125211;0.352958125;0.352958125;0.352958125;0.352958125;0.352958125;4259522.19;60873712.59;33206307.45;0;0;0;0;0;0;0;0
FIDC Capim;31/08/2024;70392247.93;68808945.33;5537824.84;7206774.17;0.102380225;0.897619775;0.67;OK;0.408191117;0.4;OK;0.257545074;0.25;OK;0.157311319;0.15;OK;0.157311319;;N/A;3.55;0;8508506.09;64675586.62;4133358.71;6593591.89;6467962.98;5983998.98;5476261.74;4957578.51;4466781.09;18169700.16;12559711.27;1006034.79;591419.98;472942.12;407633.58;347268.31;302036.81;934136.69;71886.43;1286.53;744965.65;6208049.04;252472.95;0.014620698;0.008595103;0.006873265;0.005924136;0.005046848;0.004389499;0.013575803;0.001044725;0.157311319;0.157311319;0.157311319;0.157311319;0.157311319;7206774.17;41658757.64;11073497.34;10604313.56;7055679.391;0;0;0;0;0;0
FIDC Capim;30/09/2024;70583150.33;71811804.69;6279509.97;5129902.16;0.072678849;0.927321151;0.67;OK;0.410450013;0.4;OK;0.26028113;0.25;OK;0.160222873;0.15;OK;0.160222873;;N/A;2.13;0;8302332.71;67141066.6;4670738.09;6988681.78;6743377.45;6247825.59;5698310.23;5169915.62;4679847.66;18706863.77;12906244.5;1052560.27;642468.31;514100.38;442905.92;390276.25;338794.86;1131318.06;158314.04;1805.35;751630.57;4079652.27;296813.97;0.014657204;0.008946556;0.007158995;0.006167592;0.005434709;0.004717816;0.015753929;0.002204568;0.160222873;0.160222873;0.160222873;0.160222873;0.160222873;5129902.16;41612295.38;11309035.13;10599392.83;7062426.992;0;0;0;0;0;0
FIDC Capim;31/10/2024;77101268.88;75806244.22;7072223.36;8506475.59;0.110328607;0.889671393;0.67;OK;0.405527191;0.4;OK;0.254141488;0.25;OK;0.153106699;0.15;OK;0.153106699;;N/A;1.26;0;9766230.39;70523258.46;5282985.76;7286582.12;7137966.21;6535291.43;6043042.57;5468427.83;4893103.84;19565133.91;13593710.55;1133170.24;680609.86;563105.97;485410.87;429412.38;382333.52;1347977.65;260965.27;1236.58;758952.89;7318052.83;428233.29;0.014948244;0.008978282;0.007428227;0.00640331;0.005664604;0.005043562;0.017781881;0.00344253;0.153106699;0.153106699;0.153106699;0.153106699;0.153106699;8506475.59;45834607.88;11804720.74;11672029.81;7789910.448;0;0;0;0;0;0
FIDC Capim;30/11/2024;79336793.4;78336542.02;7904432.08;8993656.28;0.113360471;0.886639529;0.67;OK;0.404837797;0.4;OK;0.253259569;0.25;OK;0.151927338;0.15;OK;0.151927338;;N/A;0.18;0;8285235.73;72319227.23;6017314.79;7569919.58;7337553.78;6757872.15;6209299.75;5607698.98;5026795.04;19855435.62;13954652.33;1277051.52;745918.29;595419.02;531053.22;471449.69;421994.35;1621085.03;353343.67;1661.61;765379.33;8027512.27;199103.07;0.016302118;0.009521971;0.007600783;0.006779125;0.00601826;0.005386941;0.020693855;0.004510585;0.151927338;0.151927338;0.151927338;0.151927338;0.151927338;8993656.28;47218260.76;12053427.82;12025730.55;8039374.265;0;0;0;0;0;0
FIDC Capim;31/12/2024;80983717.1;80732747.15;8751949.98;9532349.59;0.11770699;0.88229301;0.67;OK;0.406217194;0.4;OK;0.254929886;0.25;OK;0.153609806;0.15;OK;0.153609806;;N/A;3.21;0;8606822.88;73936719.51;6796027.64;7676843.63;7545971.76;6964745.35;6349340.65;5722898.12;5092768.61;20197691.93;14386459.46;1381039.7;819946.16;667157.96;570130.73;513409.92;462976.66;1829378.55;551987.96;187516.66;772116.49;8347212.22;225504.22;0.017106314;0.010156302;0.008263784;0.007061951;0.006359376;0.005734682;0.022659684;0.006837225;0.153609806;0.153609806;0.153609806;0.153609806;0.153609806;9532349.59;48086738.8;12439893.08;12251808.51;8205276.717;0;0;0;0;0;0
FIDC Capim;31/01/2025;84155825.16;83032767.99;9690795.01;10899769.4;0.129518894;0.870481106;0.67;OK;0.405633846;0.4;OK;0.254172999;0.25;OK;0.152554116;0.15;OK;0.152554116;;N/A;0.69;0;8451800.41;75178993.72;7853774.27;7892295.12;7734253.17;7095582.77;6438242.5;5797735.27;5158446.44;20357105.77;14705332.68;1640769.91;978729.39;730393.86;623746.31;550522.92;500219.12;2062889.63;766503.13;813.4;780836.13;10000775.97;117343.9;0.019760511;0.011787267;0.008796453;0.00751205;0.006630189;0.006024358;0.024844284;0.009231333;0.152554116;0.152554116;0.152554116;0.152554116;0.152554116;10899769.4;50019374.15;12838317.51;12746312.54;8551820.966;0;0;0;0;0;0
FIDC Capim;28/02/2025;86212031.58;85252629.89;10604396.39;11657562.02;0.135219665;0.864780335;0.67;OK;0.406109165;0.4;OK;0.254722793;0.25;OK;0.152994782;0.15;OK;0.152994782;;N/A;0.56;0;9165262.28;76828657.38;8423972.51;8236171.43;7870416.75;7235364.3;6546644.35;5876471.62;5201669.24;20990237.55;14871682.14;1641134.54;898410.31;770045.56;663519.06;606123.12;541324.52;2339214.18;964201.22;662.45;788676.18;10771125.21;97098.18;0.019250251;0.010538212;0.009032514;0.007782975;0.007109729;0.006349652;0.027438616;0.011309929;0.152994782;0.152994782;0.152994782;0.152994782;0.152994782;11657562.02;51200535.38;13189991.01;13051326.75;8770178.442;0;0;0;0;0;0
FIDC Capim;31/03/2025;88618801.87;87305127.31;11435450.34;13724937.23;0.154876132;0.845123868;0.67;OK;0.407859453;0.4;OK;0.256886123;0.25;OK;0.155292287;0.15;OK;0.155292287;;N/A;0.57;0;8792908.38;78069973.67;9235153.64;8389647.13;8038215.09;7298886.7;6635887.01;5958199.5;5261246.05;21383751.19;15104141;1739402.18;1015308.97;777015.39;714447.72;647867.12;581154.45;2523662.75;1236295.06;3678.07;796232.28;11427514.83;1497512.05;0.019923253;0.011629431;0.008899997;0.008183342;0.007420722;0.00665659;0.028906238;0.014160624;0.155292287;0.155292287;0.155292287;0.155292287;0.155292287;13724937.23;52474785.84;13761816.37;13379075.63;9003124.032;0;0;0;0;0;0
FIDC Capim;30/04/2025;91350867.58;90929027.37;12890681.04;13451746.7;0.147253628;0.852746372;0.67;OK;0.405730097;0.4;OK;0.254204165;0.25;OK;0.152098428;0.15;OK;0.152098428;;N/A;0.57;0;9574830.73;80348671.65;10580355.72;8641696.63;8220934.78;7536162.36;6816537.79;6076776.9;5462995.92;22067498.95;15526068.32;1947067.98;1273989.86;947802.02;759264.09;704663.85;641589.43;2757863.88;1548114.61;483.63;804480.6;11872081.89;774700.58;0.021413052;0.014010816;0.010423536;0.008350074;0.007749603;0.007055936;0.030329851;0.017025527;0.152098428;0.152098428;0.152098428;0.152098428;0.152098428;13451746.7;54287071.22;13894323.33;13842025.38;9327447.645;0;0;0;0;0;0
FIDC Capim;31/05/2025;92755436.6;94693051.91;13874818.84;12027129.23;0.129664952;0.870335048;0.67;OK;0.407516034;0.4;OK;0.256363086;0.25;OK;0.154347354;0.15;OK;0.154347354;;N/A;3.04;0;11654974.31;83727085.06;10965966.85;8926747.06;8562753.53;7766486.16;7085263.45;6386921.14;5671173.19;23117089.14;16210651.39;1732564.91;1099950.6;942660.95;857717.95;752350.51;689174.57;3000512.79;1891034.57;1546.74;813910.86;10747411.37;464260.26;0.018296642;0.011615959;0.009954911;0.009057876;0.00794515;0.007277985;0.031686726;0.019970151;0.154347354;0.154347354;0.154347354;0.154347354;0.154347354;12027129.23;54956108.97;14316556.17;14020257.7;9462513.757;0;0;0;0;0;0
FIDC Capim;30/06/2025;95529354.42;97634877.15;15042908.4;13025557.82;0.136351364;0.863648636;0.67;OK;0.408777809;0.4;OK;0.257916128;0.25;OK;0.15596346;0.15;OK;0.15596346;;N/A;4.07;0;9813454.12;85663657.38;11971219.77;9093080.99;8719966.97;8018505.59;7275630.56;6517539.59;5873147.64;23670743.39;16495042.65;1809193.77;1166042.14;985493.99;899556.95;843012.34;744291.83;3261732.52;2261896.23;1182.89;822985.38;11854013.49;347376.06;0.0185302;0.011942885;0.010093668;0.00921348;0.008634336;0.007623217;0.033407452;0.023166888;0.15596346;0.15596346;0.15596346;0.15596346;0.15596346;13025557.82;56479074.25;14899088.64;14411718.94;9739472.595;0;0;0;0;0;0
FIDC Capim;31/07/2025;101599780.6;100706308.8;16157297.74;17150573.5;0.168805222;0.831194778;0.67;OK;0.406421512;0.4;OK;0.254990152;0.25;OK;0.152530577;0.15;OK;0.152530577;;N/A;2.88;0;10313021.21;87784936.74;12921372.06;9308164.74;8947410.62;8259098.76;7484019.89;6760301.61;5996973.2;24315195.23;16713772.69;1793019.22;1212266.76;1052074.21;938002.66;883335.9;833257.57;3539632.98;2669782.76;1353.55;833733.44;15806843;508643.51;0.017804438;0.012037645;0.010446954;0.009314239;0.008771406;0.008274135;0.035148076;0.026510581;0.152530577;0.152530577;0.152530577;0.152530577;0.152530577;17150573.5;60307444.2;15497073.13;15385392.92;10409870.38;0;0;0;0;0;0
FIDC CashU;31/08/2024;3824436;3519995.39;33852.49;859043.24;0.224619588;0.775380412;0.67;OK;1;0.2;OK;0.587923903;0.1;OK;0.587923903;0.075;OK;0.587923903;;N/A;-0.56;0;5255232.34;3241292.46;278702.93;2365786.52;549357.45;261081.28;51479.51;13587.7;0;0;0;151266;64357.53;53186;0;7420.05;2473.35;0;0;317221.45;0;149869.88;391951.91;0.042973352;0.018283413;0.015109679;0;0.002107972;0.000702657;0;0;0.587923903;0.587923903;0.587923903;0.587923903;0.587923903;859043.24;0;2248477.34;1575958.66;0;0;0;0;0;0;0
FIDC CashU;30/09/2024;3983185.54;3061384.25;53281.28;1064247.01;0.267184895;0.732815105;0.67;OK;1;0.2;OK;0.598554063;0.1;OK;0.598554063;0.075;OK;0.598554063;;N/A;6.03;0;4342574.92;2836496.37;224887.88;2278292.27;409112.3;112157.51;27902.36;9031.93;0;0;0;94584.88;11168.53;64357.53;47356.89;0;7420.05;0;0;649493.87;0;120257.06;294496.08;0.030896115;0.003648196;0.021022363;0.01546911;0;0.002423757;0;0;0.598554063;0.598554063;0.598554063;0.598554063;0.598554063;1064247.01;0;2384151.89;1599033.65;0;0;0;0;0;0;0
FIDC CashU;31/10/2024;3751519.17;2718825.39;68691.02;1373849.63;0.366211545;0.633788455;0.67;Flag;1;0.2;OK;0.566924991;0.1;OK;0.566924991;0.075;OK;0.566924991;;N/A;-4.41;0;6879261.17;2532667.15;186158.24;2001876.93;320722.97;173185.62;36881.63;0;0;0;0;57935.89;11168.51;11168.53;64357.53;41527.78;0;0;0;236025.05;0;1002315.42;135509.16;0.021309162;0.004107844;0.004107851;0.023671079;0.015274162;0;0;0;0.566924991;0.566924991;0.566924991;0.566924991;0.566924991;1373849.63;0;2126829.97;1624689.2;0;0;0;0;0;0;0
FIDC CashU;30/11/2024;8581414.39;2670607.15;92242.05;6349883.74;0.73995771;0.26004229;0.67;Flag;0.440319211;0.2;OK;0.322526406;0.1;OK;0.252558449;0.075;OK;0.252558449;;N/A;1.9;0;7071560.57;2536958.49;133648.66;2093348.13;348392.22;95218.14;0;0;0;0;0;11255.42;0;11168.51;11168.53;64357.53;35698.67;0;0;5954952.13;0;84.71;394846.9;0.004214555;0;0.004182012;0.004182019;0.024098464;0.013367249;0;0;0.252558449;0.252558449;0.252558449;0.252558449;0.252558449;6349883.74;4802852.78;2167308.71;1010828.87;600424.03;0;0;0;0;0;0
FIDC CashU;31/12/2024;8321642.89;2732446.34;32217.61;5667581.4;0.681065202;0.318934798;0.67;Flag;0.415331556;0.2;OK;0.292037073;0.1;OK;0.218772707;0.075;OK;0.218772707;;N/A;-16;0;6159703.81;2582761.86;149684.48;2447947.59;114620.73;20193.54;0;0;0;0;0;112279.77;3899.14;0;11168.51;11168.53;11168.53;0;0;70997.88;0;4740640.42;855943.1;0.041091299;0.001426978;0;0.004087367;0.004087374;0.004087374;0;0;0.218772707;0.218772707;0.218772707;0.218772707;0.218772707;5667581.4;4865402;1820548.34;1026012.66;609679.89;0;0;0;0;0;0
FIDC CashU;31/01/2025;8450890.27;2421301.29;25239.69;6214970.84;0.735422026;0.264577974;0.67;Flag;0.416201084;0.2;OK;0.292835607;0.1;OK;0.219499213;0.075;OK;0.219499213;;N/A;1.89;0;4707125.66;2375683.64;45617.65;1673436.74;354572.31;338388.83;9285.76;0;0;0;0;16878.02;3328.59;3074;0;11168.51;11168.53;0;0;106859.83;0;1320562.07;4787548.94;0.00697064;0.001374711;0.001269565;0;0.004612606;0.004612615;0;0;0.219499213;0.219499213;0.219499213;0.219499213;0.219499213;6214970.84;4933620.58;1854963.76;1042548.11;619757.82;0;0;0;0;0;0
FIDC CashU;28/02/2025;5854580.62;3601996.09;18133.99;2345563.09;0.400637252;0.599362748;0.67;Flag;0.602656561;0.2;OK;0.421859812;0.1;OK;0.318093531;0.075;OK;0.318093531;;N/A;0.4;0;4894316.17;3543867.37;58128.72;2391282.24;534730.52;146326.59;75323.09;9759.37;386445.56;0;0;31861.52;8696.1;3328.59;3074;0;11168.51;0;0;15318.73;0;1300000;1030244.36;0.008845518;0.002414245;0.000924096;0.000853416;0;0.003100645;0;0;0.318093531;0.318093531;0.318093531;0.318093531;0.318093531;2345563.09;2326279.2;1862304.22;1058489.14;607508.06;0;0;0;0;0;0
FIDC CashU;31/03/2025;5928211.49;1923017.95;15335.1;4178361.41;0.704826644;0.295173356;0.67;Flag;0.606959754;0.2;OK;0.425765328;0.1;OK;0.323179531;0.075;OK;0.323179531;;N/A;2.88;0;2135930.88;1267732.4;655285.55;338437.93;107405.88;75209.56;31288.37;19740.02;20657.56;674993.08;0;137447.29;35377.48;476058.19;3328.59;290.08;0;2783.92;0;742166.83;0;3235007.51;201187.07;0.071474783;0.018396854;0.24755785;0.00173092;0.000150846;0;0.001447683;0;0.323179531;0.323179531;0.323179531;0.323179531;0.323179531;4178361.41;2330025.7;1915876.61;1074158.88;608150.3;0;0;0;0;0;0
FIDC CashU;30/04/2025;10871186.56;4234175.47;145255.66;8169152;0.751449895;0.248550105;0.67;Flag;0.391144375;0.2;OK;0.29073335;0.1;OK;0.170732456;0.075;OK;0.170732456;;N/A;0;0;0;3142195.85;1091979.62;1400459.8;253120.76;96401.82;407565.45;481788.09;0;502859.93;0;853773.04;85288;30041.35;7504.44;3328.59;3074;99076.8;9893.4;182916.04;0;7986235.96;0;0.201638559;0.020142765;0.00709497;0.00177235;0.000786125;0.000725997;0.023399314;0.002336559;0.170732456;0.170732456;0.170732456;0.170732456;0.170732456;8169152;6618983.09;1856064.38;1091586.98;1304552.11;0;0;0;0;0;0
FIDC CashU;31/05/2025;13326314.84;8390395.64;167035.53;5831273.12;0.437575818;0.562424182;0.67;Flag;0.327479788;0.2;OK;0.244103272;0.1;OK;0.134259354;0.075;OK;0.134259354;;N/A;-3.6;0;9492024.58;7963695.41;426700.23;4394982.5;1551742.38;937586.19;576524.41;0;0;0;502859.93;170564.6;29587.27;85288;30041.35;7504.44;3328.59;90492.58;9893.4;680006.73;115873.38;5025325.08;10067.93;0.020328553;0.003526326;0.010164956;0.003580445;0.000894408;0.000396714;0.010785258;0.001179134;0.134259354;0.134259354;0.134259354;0.134259354;0.134259354;5831273.12;8962216.08;1789182.42;1111101.71;1463814.63;0;0;0;0;0;0
FIDC CashU;30/06/2025;20437459.73;17231183.38;137941.49;4172086.23;0.204139178;0.795860822;0.67;OK;0.340371818;0.2;OK;0.148077093;0.1;OK;0.092778471;0.075;OK;0.092778471;;N/A;5.98;0;0;17021973.5;209209.88;8801571.82;5501301.64;2036940.17;171156.53;8143.41;0;0;502859.93;57351.82;14593.65;1006.27;0;25763.14;7504.44;39908.16;63082.4;972427.31;117145.09;3073779.4;8734.43;0.003328374;0.000846933;5.84E-05;0;0.001495146;0.000435515;0.002316043;0.003660944;0.092778471;0.092778471;0.092778471;0.092778471;0.092778471;4172086.23;13481124.41;1896156.27;3930015.69;1130163.36;0;0;0;0;0;0
FIDC CashU;31/07/2025;23032229.25;21748464.67;145542.33;1491774.21;0.064768989;0.935231011;0.67;OK;0.413105812;0.2;OK;0.194339425;0.1;OK;0.144294363;0.075;OK;0.144294363;;N/A;-1.67;0;17809957.09;21225131.29;523333.38;10678704.23;5685293.63;3861141.56;552855.92;344324.66;102811.29;0;0;345885.83;26885.98;13297.16;1006.27;0;25763.14;36244.07;74250.93;486309.29;118707.94;770000.01;116756.97;0.015903919;0.001236224;0.000611407;4.63E-05;0;0.001184596;0.001666512;0.003414077;0.144294363;0.144294363;0.144294363;0.144294363;0.144294363;1491774.21;13517481.49;3323420.84;5038677.58;1152649.34;0;0;0;0;0;0
FIDC Culttivo;31/08/2024;118263090.3;110564359;2123069.99;9929293.3;0.083959359;0.916040641;0.67;OK;0.261615873;0.23;OK;0.170076;0.15;OK;0.078990518;0.07;OK;0.016295198;;N/A;-34.66;0;8574982.38;103927114.7;6637244.22;26865036.71;23534470.42;0;0;0;0;46142898.48;7384709.13;2691560.11;1245262.63;981424.18;0;0;0;599938.97;1119058.33;1140.83;0;0;9928152.47;0.024343831;0.011262785;0.008876497;0;0;0;0.005426152;0.01012133;0.016295198;0.016295198;0.016295198;0.016295198;0.016295198;9929293.3;87323588.7;1927120.49;10825788.21;10772050.61;7414542.25;0;0;0;0;0
FIDC Culttivo;30/09/2024;120028591.3;108253342.8;1983376;16709392.64;0.13921177;0.86078823;0.67;OK;0.263833726;0.23;OK;0.17237366;0.15;OK;0.081178893;0.07;OK;0.018252784;;N/A;13.68;0;17526296.28;96286702.15;11966640.68;21900710.2;0;0;134237.16;0;0;67552653.53;6699101.26;6875059.58;2085087.68;393027.29;894468.83;0;0;599938.97;1119058.33;837.26;0;0;16708555.38;0.063508982;0.019261185;0.003630625;0.008262736;0;0;0.00554199;0.010337402;0.018252784;0.018252784;0.018252784;0.018252784;0.018252784;16709392.64;88361000.79;2190855.9;10977822.84;10945979.44;7552932.29;0;0;0;0;0
FIDC Culttivo;31/10/2024;106253717.4;107982692.5;3177220.66;1815670.06;0.017088062;0.982911938;0.67;OK;0.253801425;0.23;OK;0.162927025;0.15;OK;0.073858084;0.07;OK;0.014164641;;N/A;-31.3;0;7652744.53;94439612.31;13543080.15;92364.08;1554475.49;136905.18;0;0;0;91604507.03;1051360.53;5311422.77;3435762.11;1792185.02;390244.12;894468.83;0;599938.97;1119058.33;1245.49;0;0;1814424.57;0.049187723;0.031817711;0.016596965;0.003613951;0.008283446;0;0.005555881;0.010363312;0.014164641;0.014164641;0.014164641;0.014164641;0.014164641;1815670.06;79286372.49;1505045.79;9655742.85;9463906.06;6342650.21;0;0;0;0;0
FIDC Culttivo;30/11/2024;110874521.7;114803900.4;4720275.34;3181234.15;0.028692202;0.971307798;0.67;OK;0.276958675;0.23;OK;0.188733617;0.15;OK;0.102100645;0.07;OK;0.043908613;;N/A;-40.49;0;6832174.78;101929976.1;12873924.3;1616463.33;302092.69;35143.81;0;0;68539.06;99406537.07;501200.15;1518564.72;5196366.53;1327637.17;2091857.17;126032.58;894468.83;0;1718997.3;2052.09;0;0;3179182.06;0.013227466;0.045262979;0.011564391;0.018221133;0.001097807;0.007791276;0;0.014973335;0.043908613;0.043908613;0.043908613;0.043908613;0.043908613;3181234.15;80166861.11;4868346.44;9781911.12;9605389.23;6452013.79;0;0;0;0;0
FIDC Culttivo;31/12/2024;120639636.2;115845324.3;6939177.39;16711089.4;0.138520721;0.861479279;0.67;OK;0.243373008;0.23;OK;0.161074235;0.15;OK;0.080094549;0.07;OK;0.025564047;;N/A;-36.65;0;2333843.54;105393485.5;10451838.83;449232.12;36835.89;0;0;97054.17;15483560.88;89326802.39;0;21583.12;0;5391654.1;807184.7;1827645.63;390244.12;894468.83;1119058.33;1967.97;0;0;16709121.43;0.00018631;0;0.046541836;0.00696778;0.015776602;0.003368665;0.007721234;0.009659935;0.025564047;0.025564047;0.025564047;0.025564047;0.025564047;16711089.4;91279205.02;3084037.38;9928494.03;9769359.94;6578539.82;0;0;0;0;0
FIDC Culttivo;31/01/2025;118954625.5;124204493.2;9976058.98;5494919.02;0.046193404;0.953806596;0.67;OK;0.222108543;0.23;Flag;0.137304833;0.15;Flag;0.053680712;0.07;Flag;-0.002777818;;N/A;-110.71;0;10094348.04;112916287.3;11288205.96;38696;0;0;98872.97;13398824.42;11638191.47;87741702.4;0;386078.99;430730.03;0;5468255.94;408352.15;2191017.57;1284712.95;1119058.33;2095.74;0;0;5492823.28;0.003108414;0.00346791;0;0.044026233;0.003287741;0.017640405;0.01034353;0.009009806;-0.002777818;-0.002777818;-0.002777818;-0.002777818;-0.002777818;5494919.02;92533786.92;-330434.2498;10087793.55;9947476.08;6716003.22;0;0;0;0;0
FIDC Culttivo;28/02/2025;122872699.9;127449945.9;6011005.32;2436004.31;0.019825432;0.980174568;0.67;OK;0.23695082;0.23;OK;0.153592985;0.15;OK;0.071233755;0.07;OK;0.015497001;;N/A;-676.26;0;7680811.61;120812282.1;6637663.85;0;0;100555.99;13589380.53;12196367;41136977.14;53789001.43;0;39572.27;386078.99;430730.03;0;829045.83;756280.43;3076897.97;1119058.33;2190.9;0;0;2433813.41;0.000310493;0.00302926;0.003379602;0;0.006504874;0.005933941;0.024142011;0.008780375;0.015497001;0.015497001;0.015497001;0.015497001;0.015497001;2436004.31;93757912.92;1904158.4;10242402.26;10119700.96;6848525.36;0;0;0;0;0
FIDC Culttivo;31/03/2025;136326720.8;131566214.4;6405864.4;11813812.87;0.086658087;0.913341913;0.67;OK;0.229876039;0.23;Flag;0.153635143;0.15;OK;0.078167575;0.07;OK;0.026979417;;N/A;-5.36;0;3081361.32;124928550.6;6637663.85;0;102181.39;13769775.3;11487841.93;41777086.6;40433411.03;17358254.32;0;0;39572.27;386078.99;430730.03;0;829045.83;3833178.4;1119058.33;375391.91;0;0;11438420.96;0;0.000300778;0.002934484;0.003273865;0;0.006301358;0.029134975;0.008505666;0.026979417;0.026979417;0.026979417;0.026979417;0.026979417;11813812.87;104988474.2;3678015.463;10393671.37;10288246.03;6978313.734;0;0;0;0;0
FIDC Culttivo;30/04/2025;138503338.7;133872840.2;6397323.91;11385043.39;0.082200498;0.917799502;0.67;OK;0.231452587;0.23;OK;0.155209168;0.15;OK;0.079591382;0.07;OK;0.028179393;;N/A;6.12;0;2907999.57;127582660.6;6290179.61;103920.74;13967054.39;9320686.83;42457823.09;41504469.97;17678276.87;180891.81;2369536.93;0;0;39572.27;361078.99;430730.03;0;4662224.23;796574.09;63158.77;0;11254615.36;67269.26;0;0;0.000295596;0.002697179;0.003217456;0;0.034825766;0.005950229;0.028179393;0.028179393;0.028179393;0.028179393;0.028179393;11385043.39;106446382.7;3902939.982;10559968.12;10473315.8;7120732.126;0;0;0;0;0
FIDC Culttivo;31/05/2025;140580850.9;144012748;6561530.86;3585543.35;0.025505204;0.974494796;0.67;OK;0.231552823;0.23;OK;0.155152487;0.15;OK;0.079223326;0.07;OK;0.027470763;;N/A;-1.05;0;12788593.71;137686486.6;6326261.34;10470683.11;9280964.23;42783970.55;42331264.39;17997547.59;0;184426.33;14637630.43;63654;0;0;12000;361078.99;430730.03;4662224.23;796574.09;536.97;0;3544400.88;40605.5;0.000442003;0;0;8.33E-05;0.002507271;0.002990916;0.032373691;0.005531275;0.027470763;0.027470763;0.027470763;0.027470763;0.027470763;3585543.35;108028958.1;3861863.301;10740424.14;10674186.1;7275419.297;0;0;0;0;0
FIDC Culttivo;30/06/2025;131985715.5;148020395;6694543.27;13286392.21;0.10066538;0.89933462;0.67;OK;0.267021051;0.23;OK;0.184310428;0.15;OK;0.101948981;0.07;OK;0.030256691;;N/A;3.41;0;22812689.84;142293836.9;5726558.07;2893532.12;44488603.97;46236120.94;19659529.58;0;200822.75;2305532.97;26509694.58;344590.72;3050;15400;800;12400;55416.5;3603857.93;1691042.92;528.65;0;13250672.09;35191.47;0.002327995;2.06E-05;0.00010404;5.40E-06;8.38E-05;0.000374384;0.024347036;0.011424391;0.030256691;0.030256691;0.030256691;0.030256691;0.030256691;13286392.21;96742750.99;3993450.956;10916620.87;10870534.51;9462358.188;0;0;0;0;0
FIDC Culttivo;31/07/2025;157646350.8;159806998.7;5689918.05;3742637.47;0.023740717;0.976259283;0.67;OK;0.238146588;0.23;OK;0.167581228;0.15;OK;0.097155552;0.07;OK;0.035701372;;N/A;40.94;0;13712477.06;154191499.5;5615499.18;41603751.47;43365523.85;18735703.01;0;3796934.84;0;10609274.81;36080311.56;921878.12;282848.89;400;15000;800;12400;3311670.76;1070501.41;516.93;0;3713155.16;28965.38;0.005768697;0.001769941;2.50E-06;9.39E-05;5.01E-06;7.76E-05;0.020722939;0.006698714;0.035701372;0.035701372;0.035701372;0.035701372;0.035701372;3742637.47;120103410.3;5628190.944;11124371.4;11102350.85;9688027.295;0;0;0;0;0
FIDC Facio;31/08/2024;30728843.13;29090482.04;10484945.19;12160938.71;0.395749969;0.604250031;0.67;Flag;0.513128994;0.4;OK;0.331471489;0.15;OK;0.331471489;;N/A;0.331471489;;N/A;26.93;0;16659286.97;17218925.36;11871556.68;17167708.61;51216.75;0;0;0;0;0;0;3447376.48;2176576.4;1477381.95;1728387.34;1308070.44;1049744.52;684019.55;0;457678.08;75909.01;10470633.78;1156717.84;0.118505306;0.074820912;0.05078575;0.059414187;0.044965581;0.036085498;0.023513517;0;0.331471489;0.331471489;0.331471489;0.331471489;0.331471489;12160938.71;14960982.76;10185735.38;3538990.74;2043134.25;0;0;0;0;0;0
FIDC Facio;30/09/2024;31982333.29;34509383.11;13715803.69;11235326.23;0.351297891;0.648702109;0.67;Flag;0.527300651;0.4;OK;0.349636832;0.15;OK;0.349636832;;N/A;0.349636832;;N/A;11.22;0;18982364.42;19467169.86;15042213.25;19223325.08;243844.78;0;0;0;0;0;0;3576155.19;3026905.46;1994589.69;1703472.22;1610031.76;1366209;1764849.93;0;466909.49;76581.19;10683982.31;7853.24;0.103628488;0.087712535;0.057798474;0.049362581;0.046654898;0.039589494;0.051141161;0;0.349636832;0.349636832;0.349636832;0.349636832;0.349636832;11235326.23;15118028.12;11182201.68;3602375.78;2079727.71;0;0;0;0;0;0
FIDC Facio;31/10/2024;32658215.54;41674946.73;17102336.25;8306647.04;0.254350916;0.745649084;0.67;OK;0.531490385;0.4;OK;0.354063148;0.15;OK;0.354063148;;N/A;0.354063148;;N/A;16.15;0;22204920.26;23210694.31;18464252.42;21217819.79;1992874.52;0;0;0;0;0;0;3679860.37;2994503.99;3262397.5;2081267.09;1570447.45;1707094.94;3168681.08;0;378573.03;77349.3;7848125.08;2599.63;0.088299102;0.071853817;0.078281984;0.049940486;0.03768325;0.040962139;0.076033236;0;0.354063148;0.354063148;0.354063148;0.354063148;0.354063148;8306647.04;15300687.98;11563070.61;3673606.33;2120850.62;0;0;0;0;0;0
FIDC Facio;30/11/2024;34039903.52;45993946.98;20334725;8419339.83;0.247337359;0.752662641;0.67;OK;0.546225337;0.4;OK;0.373179567;0.15;OK;0.373179567;;N/A;0.373179567;;N/A;25.84;0;24407704.02;24032416.58;21961530.4;24032416.58;0;0;0;0;0;0;0;4399609.05;3346010.22;3012203.89;2889030.92;1942622.64;1675064.44;4696656.34;332.9;754104.55;78009.01;5595896.11;1991330.16;0.095656262;0.072748925;0.065491311;0.062813285;0.042236485;0.036419237;0.102114662;7.24E-06;0.373179567;0.373179567;0.373179567;0.373179567;0.373179567;8419339.83;15446445.74;12702996.45;3734477.62;2155983.71;0;0;0;0;0;0
FIDC Facio;31/03/2025;58030122.29;91710849.25;43428869.3;9826056.08;0.16932682;0.83067318;0.67;OK;0.451742046;0.4;OK;0.235671067;0.15;OK;0.342271725;;N/A;0.297325468;;N/A;-5.11;0;46981329.43;49206917.06;42503932.19;41541067.29;7665849.77;0;0;0;0;0;0;7102102.44;5945614.91;4470998.68;3558532.26;4111191.15;2936388.73;12600453.96;1778650.06;770690.13;0;8934065.78;121300.17;0.077440156;0.064830006;0.048751033;0.03880165;0.044827751;0.032017899;0.137393275;0.019394107;0.235671067;0.235671067;0.235671067;0.235671067;0.235671067;9826056.08;31815476.14;13676020.81;4027452.47;2325123.65;2608236.78;3577812.44;0;0;0;0
FIDC Facio;30/04/2025;74125795.5;98062692.73;49910104.74;26205123.13;0.353522319;0.646477681;0.67;Flag;0.462309356;0.4;OK;0.242964264;0.15;OK;0.374921985;;N/A;0.339042564;;N/A;31.69;0;43285664.54;48139716.95;49922975.78;40218123.61;7921593.34;0;0;0;0;0;0;9309005.89;5744762.91;5687272.55;4380568.12;3508220.88;4068638.68;13957477.58;3267029.17;1046047.7;81987.94;23223007.43;1854080.06;0.094929128;0.058582553;0.057996292;0.044671098;0.035775286;0.041490179;0.142332188;0.03331572;0.242964264;0.242964264;0.242964264;0.242964264;0.242964264;26205123.13;39856746.69;18009919.33;4106753.08;2370905.32;2659590.65;7121880.43;0;0;0;0
FIDC Facio;31/05/2025;74927794.17;111906130.7;57109595.02;20177946.34;0.26929855;0.73070145;0.67;OK;0.459111957;0.4;OK;0.237564807;0.15;OK;0.370847234;;N/A;0.334607624;;N/A;38.94;0;55843518.34;55329327.11;56576803.58;37871796.96;17457530.15;0;0;0;0;0;0;9042607.51;7264217.83;5549469.21;5590870.19;4371070.59;3502723.68;16391665.95;4864178.62;1303906.14;0;14854661.41;4019378.79;0.080805291;0.064913493;0.049590395;0.049960357;0.039060153;0.031300552;0.146476925;0.043466596;0.237564807;0.237564807;0.237564807;0.237564807;0.237564807;20177946.34;40527547.92;17800206.97;4192862.94;2420618.09;2715354.01;7271204.24;0;0;0;0
FIDC Facio;31/12/2024;40381457.12;54425081.89;24149782.94;10141447.4;0.251141195;0.748858805;0.67;OK;0.488797152;0.4;OK;0.340176136;0.15;OK;0.340176136;;N/A;0.340176136;;N/A;28.49;0;29306811.45;27699305.97;26725775.92;22838508.92;4860797.05;0;0;0;0;0;0;4739055.37;4343905.96;3033114.57;3016971.06;3092502.41;2062409.71;6399424.48;38392.36;905792.88;78655.76;8747656.59;409342.17;0.087074841;0.079814413;0.055730087;0.055433468;0.056821273;0.037894471;0.117582266;0.000705417;0.340176136;0.340176136;0.340176136;0.340176136;0.340176136;10141447.4;20643115.88;13736808.03;3804895.73;2196637.48;0;0;0;0;0;0
FIDC Facio;31/01/2025;48213743.04;62754463.13;29075765.93;14591138.4;0.302634425;0.697365575;0.67;OK;0.461831172;0.4;OK;0.288896364;0.15;OK;0.33484646;;N/A;0.288896364;;N/A;17.38;0;29676257.02;31586239.12;31168224.01;28907771.57;2678467.55;0;0;0;0;0;0;5701072.81;3744309.8;3578167.15;3535474.09;2920240.62;3005346.25;8320233.2;363380.09;699557.9;79566.41;13416259.68;395754.41;0.090847288;0.059666032;0.057018529;0.056338209;0.046534389;0.047890558;0.132583928;0.005790506;0.288896364;0.288896364;0.288896364;0.288896364;0.288896364;14591138.4;25947133.6;13928775.05;3881528.93;2240879.32;2215426.14;0;0;0;0;0
FIDC Facio;28/02/2025;47144043.94;69948466.83;33658739.74;10998411.13;0.233293757;0.766706243;0.67;OK;0.492372003;0.4;OK;0.305709138;0.15;OK;0.3600414;;N/A;0.305709138;;N/A;31.17;0;34081568.1;33948143.6;36000323.23;27920036.39;6028107.21;0;0;0;0;0;0;6278475.51;5090533.8;3828868.06;3621514.17;2906671.35;2798182.1;10717739.02;758339.22;1087369.12;80372.02;6148194.4;3682475.59;0.089758586;0.072775488;0.054738413;0.051774032;0.041554468;0.04000348;0.153223359;0.010841399;0.305709138;0.305709138;0.305709138;0.305709138;0.305709138;10998411.13;23931636.59;14412365.03;3955192.88;2283406.9;2561442.54;0;0;0;0;0
FIDC Facio;30/06/2025;90254335.9;142916692;59837768.69;8123867.19;0.090010825;0.909989175;0.67;OK;0.534860174;0.4;OK;0.325742896;0.15;OK;0.460111524;;N/A;0.429421352;;N/A;65.18;0;70579501.13;77287819.36;65628872.68;63427887.9;13859931.46;0;0;0;0;0;0;10878226.17;7248225.76;7241239.11;4983067.78;6262558.48;4444022.03;18218309.91;6353223.44;1487303.3;0;6533270.02;103293.87;0.076115855;0.050716439;0.050667553;0.03486694;0.043819643;0.031095192;0.127475032;0.044454034;0.347238882;0.325742896;0.325742896;0.325742896;0.325742896;8123867.19;41980886.13;29399708.72;4277125.33;2469264.42;2769921.06;7417324.31;1940105.93;0;0;0
FIDC Facio;31/07/2025;84938350.33;165013914.8;79205953.07;6240641.82;0.073472604;0.926527396;0.67;OK;0.492880988;0.4;OK;0.26550128;0.15;OK;0.411604454;;N/A;0.378234079;;N/A;-8.07;0;72806242.66;85807961.68;79205953.07;73759399.96;12048561.72;0;0;0;0;0;0;15669864.99;8409703.51;8053150.13;6778931.71;5221282.22;5763313.03;20793654.33;8516053.15;1420023.25;0;4720211.87;100406.7;0.094960871;0.050963602;0.048802855;0.04108097;0.031641466;0.034926224;0.126011521;0.051608091;0.288874532;0.26550128;0.26550128;0.26550128;0.26550128;6240641.82;43073852.28;22551240.76;4376727.9;2526766.85;2834424.58;7590052.53;1985285.43;0;0;0
FIDC Fenix;31/08/2024;172719475;153913139.1;8173840.63;27263840.12;0.157850411;0.842149589;0.5;OK;0.567643606;0.5;OK;0.567062331;0.2;OK;0.321558981;;N/A;0.321558981;;N/A;1.03;0;4966024.18;150248451.6;3664687.53;3327812.38;3388888.63;3254193.58;3134698.23;2974325.71;2891486.65;14127432.21;117149614.2;698189.36;568817.31;469464.77;407144.04;396051.08;363114.04;761906.93;0;0;0;1466533.47;25797306.65;0.004536256;0.003695703;0.003050193;0.002645284;0.002573212;0.002359214;0.00495024;0;0.321558981;0.321558981;0.321558981;0.321558981;0.321558981;27263840.12;74676369.45;55539498.37;100397.45;42403209.71;0;0;0;0;0;0
FIDC Fenix;30/09/2024;176916813.9;158631658.7;9421008.61;27989535.08;0.158207321;0.841792679;0.5;OK;0.571336106;0.5;OK;0.570768972;0.2;OK;0.331169749;;N/A;0.297211286;;N/A;0.99;0;4891323.75;154238559.6;4393099.05;3870752.67;3013737.34;3350569.37;3215731.27;3070896.92;2983785.81;14365474.68;120367611.5;804858.61;660039.03;545238.61;466599.57;401578.03;394684.55;1100008.2;20092.45;0;0;2196895.94;25792639.14;0.005073758;0.004160828;0.003437136;0.002941403;0.002531513;0.002488057;0.006934355;0.000126661;0.297211286;0.297211286;0.297211286;0.297211286;0.297211286;27989535.08;75837850.26;52581673.74;100335.6;42389131.25;6007823.02;0;0;0;0;0
FIDC Fenix;31/10/2024;181197738.1;164190591.1;10048698.88;27361586.89;0.15100402;0.84899598;0.5;OK;0.55890471;0.5;OK;0.558350233;0.2;OK;0.324100383;;N/A;0.289540198;;N/A;2.19;0;6160365.64;158827782.9;5362808.28;3753692.44;3609841.56;2977689.49;3835163.04;3201617.1;2554369.46;14914742.89;123980666.9;1266423.92;684182.57;581632;514874.47;441868.64;391414.37;1422128.83;60283.48;0;0;1467590.93;25893995.96;0.007713133;0.004167002;0.00354242;0.003135834;0.002691193;0.002383903;0.008661451;0.000367156;0.289540198;0.289540198;0.289540198;0.289540198;0.289540198;27361586.89;79925468.73;52464028.91;100470.15;42445542.8;6262227.47;0;0;0;0;0
FIDC Fenix;30/11/2024;182648047.7;166666973.2;10401517.63;26647622.85;0.145896018;0.854103982;0.5;OK;0.556938923;0.5;OK;0.556389535;0.2;OK;0.324571374;;N/A;0.290283772;;N/A;1.06;0;5201149.41;161452112.3;5214860.86;3559276.34;3624537.54;3482640.04;3389169.77;3179779.16;2994017.82;14898156.28;126324535.3;977632.15;698168.62;586611.25;499271.53;443521.59;383661.84;1556279.5;69714.38;0;0;769059.54;25878563.31;0.005865782;0.004189004;0.003519661;0.002995624;0.002661125;0.002301967;0.00933766;0.000418286;0.290283772;0.290283772;0.290283772;0.290283772;0.290283772;26647622.85;80924240.78;53019764.29;100344.58;42341134.43;6262563.59;0;0;0;0;0
FIDC Fenix;31/12/2024;184112016.4;155918809.5;11419968.94;39901811.47;0.216725732;0.783274268;0.5;OK;0.560170687;0.5;OK;0.559625571;0.2;OK;0.329260763;;N/A;0.291976388;;N/A;1.58;0;2720949.12;149695551.9;6223257.66;3086064.45;2999362.48;2853142.06;2680719.79;2525475.32;2055679.04;11695896.91;121799211.8;1268536.01;795587.71;676469.56;577241.51;491871.02;438171.9;1623166.98;352212.97;0;0;14011809.92;25890001.55;0.008135875;0.005102577;0.004338601;0.003702193;0.003154661;0.002810257;0.010410335;0.002258951;0.291976388;0.291976388;0.291976388;0.291976388;0.291976388;39901811.47;80977861.69;53756361.46;100362.41;42412929.27;6864501.6;0;0;0;0;0
FIDC Fenix;31/01/2025;178230019.2;158854723.8;12437635.75;32192826.2;0.180625163;0.819374837;0.5;OK;0.545097732;0.5;OK;0.544533791;0.2;OK;0.306222288;;N/A;0.267678925;;N/A;2.02;0;6677079.2;152049910.1;6804813.77;2981460.32;2966515.02;2786135.3;2621001.16;2487586.45;2350803.16;11340659.25;124515749.4;1256246.54;783522.2;699780.4;635279.17;541307.08;483292.12;1817900.45;587485.81;0;0;6085654.93;26107171.27;0.007908147;0.004932319;0.00440516;0.00399912;0.00340756;0.003042353;0.011443792;0.003698258;0.267678925;0.267678925;0.267678925;0.267678925;0.267678925;32192826.2;81077239.91;47708420.02;100511.28;42474263.78;6869584.26;0;0;0;0;0
FIDC Fenix;28/02/2025;177227988.2;158917934.7;13857706.77;32507470.11;0.183421763;0.816578237;0.5;OK;0.54296884;0.5;OK;0.54240288;0.2;OK;0.303182871;;N/A;0.264474833;;N/A;-0.7;0;5669820.56;151473814.2;7444120.42;3300495.59;2434847.12;2623684.41;2481710.77;2342572.67;2162746.42;21349927.36;114777829.9;1093601.02;888465.68;755432.85;649298.24;633134.64;539828.32;2249129.04;635230.63;0;0;6404566.74;26102903.37;0.006881546;0.00559072;0.004753603;0.004085746;0.003984035;0.0033969;0.01415277;0.003997224;0.264474833;0.264474833;0.264474833;0.264474833;0.264474833;32507470.11;80998713.07;46872342.65;100303.95;42396480.98;6860147.6;0;0;0;0;0
FIDC Fenix;31/03/2025;166404144.3;171674886.9;15663667.58;10726041.65;0.06445778;0.93554222;0.5;OK;0.512965197;0.5;OK;0.512361861;0.2;OK;0.25733069;;N/A;0.216070021;;N/A;0.28;0;26520184.29;162942696.8;8732190.12;2088728.79;2057652.51;1702151.55;1816959.42;1701910.43;1604912.06;28616225.4;123354156.6;1216921.36;1169197.02;825700.34;768945.58;696317.64;632835.79;2478952.99;943319.4;1159482.33;0;5472533.53;4094025.79;0.007088523;0.00681053;0.004809675;0.00447908;0.004056025;0.003686246;0.014439811;0.005494801;0.216070021;0.216070021;0.216070021;0.216070021;0.216070021;10726041.65;81044609.56;35954947.03;100397.61;42438243.86;6865946.25;0;0;0;0;0
FIDC Fenix;30/04/2025;167322038.6;171090465.9;16187506.89;12674121.19;0.075746873;0.924253127;0.5;OK;0.515813278;0.5;OK;0.515212775;0.2;OK;0.26175061;;N/A;0.220748081;;N/A;2.73;0;9074972.43;161397495.2;9692970.66;1924569.15;1401209.56;1472941.77;1366962.21;1280026.04;1219887.81;35762670.39;116969228.3;1449467.66;1038848.81;997493.42;739368.55;746839.27;688561.19;2772280.32;1260111.44;0;0;8185699.04;4488422.15;0.008471937;0.006071927;0.00583021;0.004321506;0.004365172;0.004024544;0.016203593;0.007365176;0.220748081;0.220748081;0.220748081;0.220748081;0.220748081;12674121.19;81015109.44;36936019;100477.33;42409806.13;6860626.72;0;0;0;0;0
FIDC Fenix;31/05/2025;167579007.8;176715781.9;17329697.14;8435155.44;0.050335394;0.949664606;0.5;OK;0.515828246;0.5;OK;0.515228602;0.2;OK;0.261714158;;N/A;0.220708128;;N/A;1.49;0;3000505.29;166527606.8;10188175.14;1622786.62;1504498.44;1396715.66;1306579.28;1245350.73;1165983.33;45069140.25;113216552.4;1253740.53;940321.64;895933.34;901466.93;735236.52;745943.78;3129924.33;1585608.07;10000;0;3945373;4479782.44;0.007094672;0.005321096;0.005069911;0.005101225;0.004160559;0.00422115;0.017711629;0.008972646;0.220708128;0.220708128;0.220708128;0.220708128;0.220708128;8435155.44;81137022.07;36986049.1;100487.78;42483698.97;6871749.857;0;0;0;0;0
FIDC Fenix;30/06/2025;163681651;174135348.6;18910036.06;8711388.88;0.053221536;0.946778464;0.5;OK;0.504875;0.5;OK;0.504261549;0.2;OK;0.245108354;;N/A;0.203191704;;N/A;0.79;0;0;162773069.1;11362279.5;1096711.25;858447.76;884211.66;833768.05;775153.62;731942.14;52274875.82;105317958.8;984045.04;1305570.91;1078550.58;895933.34;843756.01;792947.44;3501166;1960310.18;0;0;4246671.56;4464717.32;0.005651036;0.007497449;0.006193749;0.00514504;0.004845403;0.004553627;0.020106004;0.011257394;0.203191704;0.203191704;0.203191704;0.203191704;0.203191704;8711388.88;81042877.54;33258753.62;100410.66;42418622.69;6860986.522;0;0;0;0;0
FIDC Fenix;31/07/2025;164054168.1;178849498.8;20896610.84;6469120.94;0.039432835;0.960567165;0.5;OK;0.505213132;0.5;OK;0.50460007;0.2;OK;0.245406489;;N/A;0.203551504;;N/A;0.41;0;0;166411887.3;12437611.49;963014.49;830721.02;858412.54;800630.99;753231.1;704134.47;64448899.18;97052843.51;1016932.32;1056138.66;1301422.8;1076035.37;893742.49;842931.65;3864914.58;2385493.62;0;0;1871532.85;4597588.09;0.005685967;0.005905181;0.007276637;0.006016429;0.004997176;0.004713078;0.021609871;0.013337994;0.203551504;0.203551504;0.203551504;0.203551504;0.203551504;6469120.94;81171847.94;33393472.68;100575.39;42521787.3;6866484.785;0;0;0;0;0
FIDC Koin;31/08/2024;76103628.41;74397571.01;19566235.41;24202955.86;0.318026307;0.681973693;0.5;OK;0.519400765;0.45;OK;0.519400765;;N/A;0.519400765;;N/A;0.519400765;;N/A;4.54;0;15367626.06;59047861.19;15349709.82;11060355.96;10381690.71;7147701.88;5938874.98;4847641.08;3786079.69;12501110.92;3384405.97;3439842.62;2158238.49;1786786.42;1598749.08;2040443.71;1190995.19;3134654.31;0;7650.34;4756228.93;18680490.47;758586.12;0.046235953;0.029009529;0.024016731;0.021489264;0.027426214;0.016008523;0.042133826;0;0.519400765;0.519400765;0.519400765;0.519400765;0.519400765;24202955.86;36575345.58;39528282.83;0;0;0;0;0;0;0;0
FIDC Koin;30/09/2024;75544979.82;78155638.21;22123077.14;22444081.8;0.297095609;0.702904391;0.5;OK;0.516104681;0.45;OK;0.516104681;;N/A;0.516104681;;N/A;0.516104681;;N/A;-1.36;0;12153708.17;60596259.62;17559378.59;13084518.4;9319624.88;7003403.39;6265535.78;4823634.55;4092699.3;12552171.35;3454671.97;4632707.97;2245701.07;1852559.42;1831849.88;1449493.09;1960571.8;3586495.36;0;1376.25;4797736.71;16306859.88;1338108.96;0.059275416;0.028733705;0.023703465;0.023438487;0.018546238;0.025085481;0.045889144;0;0.516104681;0.516104681;0.516104681;0.516104681;0.516104681;22444081.8;36555862.11;38989117.71;0;0;0;0;0;0;0;0
FIDC Koin;31/10/2024;77470030.5;76892941.5;22664347.85;23435372.78;0.302508888;0.697491112;0.5;OK;0.527528325;0.45;OK;0.527528325;;N/A;0.527528325;;N/A;0.527528325;;N/A;4.82;0;11347177.53;59570883.14;17322058.36;11292319.57;9905392.4;7257837.25;6412100.09;4663515.57;4142878.79;12554786.57;3342052.9;3281943.43;2327142.42;2021614.7;1743010.5;1758386.07;1322583.39;4867377.85;0;9649.62;4843681.3;15802180.83;2779861.03;0.042681986;0.030264708;0.026291291;0.022668017;0.022867978;0.017200322;0.063300711;0;0.527528325;0.527528325;0.527528325;0.527528325;0.527528325;23435372.78;36602395.08;40867635.42;0;0;0;0;0;0;0;0
FIDC Koin;30/11/2024;72948747.29;76926461.99;23406389.13;19754469.12;0.270799292;0.729200708;0.5;OK;0.49934964;0.45;OK;0.49934964;;N/A;0.49934964;;N/A;0.49934964;;N/A;1.82;0;9777916.63;59027619.78;17898842.21;11054365.18;9715243.61;7246713.48;6312309.92;4928209.52;4002037.93;12386077.91;3382662.23;3189861.3;2393081.89;1945323.36;1921845.28;1585948.93;1574187.7;5288593.75;0;4866.09;4885151.56;12964237.68;1900213.79;0.041466372;0.031108696;0.025288091;0.024982889;0.020616429;0.02046354;0.068748693;0;0.49934964;0.49934964;0.49934964;0.49934964;0.49934964;19754469.12;36521816.62;36426930.67;0;0;0;0;0;0;0;0
FIDC Koin;31/12/2024;73749845.5;75522825.6;23994923.01;22365568.24;0.303262578;0.696737422;0.5;OK;0.503959413;0.45;OK;0.503959413;;N/A;0.503959413;;N/A;0.503959413;;N/A;1.78;0;9231706.16;56899191.16;18623634.44;10613134.67;9231176.97;7186006.29;5886396.62;4764395.64;3657050.46;12136356.06;3424674.45;3337547.09;2270202.03;2090621.2;2065487.3;1680383.91;1452466.66;5726926.25;0;8486.13;4925760.81;13197211.39;4234109.91;0.044192561;0.030059813;0.027681978;0.027349179;0.022250014;0.019232155;0.075830402;0;0.503959413;0.503959413;0.503959413;0.503959413;0.503959413;22365568.24;36582916.63;37166928.87;0;0;0;0;0;0;0;0
FIDC Koin;31/01/2025;74806679.66;74655096.88;23344721.12;23640929.23;0.316026982;0.683973018;0.5;OK;0.510593292;0.45;OK;0.510593292;;N/A;0.510593292;;N/A;0.510593292;;N/A;2.43;0;10297221.95;56215278.74;18439818.14;11410846.15;9418099.8;7197172.47;5757031.73;4982077.33;3835803.62;11153865.73;2460381.91;3757717.96;2524065.22;2110258.6;2149410.05;2147404.64;1452466.66;4298495.01;0;9305.95;4980041.67;15495719.18;3155862.43;0.050334379;0.033809684;0.028266772;0.028791203;0.028764341;0.019455693;0.057578051;0;0.510593292;0.510593292;0.510593292;0.510593292;0.510593292;23640929.23;36610890.85;38195788.81;0;0;0;0;0;0;0;0
FIDC Koin;28/02/2025;70963384.76;71572484.07;22878965.11;24084489.74;0.339393193;0.660606807;0.5;OK;0.484548318;0.45;OK;0.484548318;;N/A;0.484548318;;N/A;0.484548318;;N/A;0.03;0;8479934.82;53479990.56;18092493.51;11541999.51;9064874.62;6997177.48;5456151.43;4655084.5;3470061.79;9929355.36;2365285.87;5736026.35;2591148.31;2146370.47;2066252.83;1796460.23;1720335.29;2035900.03;0;7986.33;5029469.21;13304639.36;5742394.84;0.080142899;0.036203135;0.029988766;0.028869374;0.025099873;0.024036266;0.02844529;0;0.484548318;0.484548318;0.484548318;0.484548318;0.484548318;24084489.74;36578196.05;34385188.71;0;0;0;0;0;0;0;0
FIDC Koin;31/03/2025;55638577.83;68660340.97;23848041.69;11473061.83;0.206206957;0.793793043;0.5;OK;0.588853073;0.45;OK;0.588853073;;N/A;0.588853073;;N/A;0.588853073;;N/A;-0.35;0;6815496.44;49513286.99;19147053.98;11075310;8418906.53;6200082.45;5611344.19;4011982.79;3012146.41;8824593.89;2358920.73;2912091.07;2368835.02;2054325.78;2107456.39;1823514.51;1599212.1;6261544.24;20074.87;1030572.54;2555248.44;6479891.68;1407349.17;0.042413;0.034500776;0.029920122;0.03069394;0.026558483;0.023291642;0.091195939;0.000292379;0.588853073;0.588853073;0.588853073;0.588853073;0.588853073;11473061.83;22875630.27;32762947.56;0;0;0;0;0;0;0;0
FIDC Koin;31/05/2025;53352989.5;60543328.37;22035396.7;14997555.84;0.281100572;0.718899428;0.5;OK;0.459876849;0.45;OK;0.365091276;;N/A;0.365091276;;N/A;0.365091276;;N/A;1.26;0;10595203.32;42047810.27;18495518.1;13948554.63;8429179.37;6077928.34;4262714.65;3005507.2;2020572.21;4150251;153102.87;2975219.12;2221819.52;1908410.32;2205846.57;1830974.06;1763488.73;5589759.78;0;2510.02;894677.71;13660551.77;439816.34;0.049141981;0.036698008;0.031521398;0.036434181;0.030242375;0.029127714;0.092326602;0;0.365091276;0.365091276;0.365091276;0.365091276;0.365091276;14997555.84;28817184.82;19478711.04;5057093.64;0;0;0;0;0;0;0
FIDC Koin;30/04/2025;49722527.95;59551286.69;22705875.83;13028615.09;0.262026402;0.737973598;0.5;OK;0.482442321;0.45;OK;0.381644569;;N/A;0.381644569;;N/A;0.381644569;;N/A;1.63;0;2217872.94;40839419.61;18711867.08;9168817.15;6630385.1;5957351.23;4282557.8;3136425.41;2833932.46;6941488.29;1888462.17;3244300.64;2103481.85;2258400.07;1981367.24;1920820.9;1644525.28;5558971.1;0;9373.05;884388.52;4796304.82;7338548.7;0.054479102;0.03532219;0.037923615;0.033271611;0.032254902;0.027615277;0.093347624;0;0.381644569;0.381644569;0.381644569;0.381644569;0.381644569;13028615.09;25734276.15;18976332.74;5011919.06;0;0;0;0;0;0;0
FIDC Koin;30/06/2025;53511404.43;58696881.49;21522344.06;16489074.1;0.308141307;0.691858693;0.5;OK;0.461844195;0.45;OK;0.367410941;;N/A;0.367410941;;N/A;0.367410941;;N/A;0.45;0;7184271.67;40127981.47;18568900.02;13116266.05;8328558.96;5885004.48;4149437.67;2795254.6;2183766.56;3594381.26;75311.89;3297587.97;2015257.68;2002611.33;1913413.55;1930221.36;1663986.51;5745821.62;0;2044.8;904843.05;14255446.57;1326739.68;0.056179952;0.034333301;0.034117849;0.032598215;0.032884564;0.028348806;0.097889726;0;0.367410941;0.367410941;0.367410941;0.367410941;0.367410941;16489074.1;28797472.93;19660675.45;5053256.05;0;0;0;0;0;0;0
FIDC Koin;31/07/2025;54520544.82;58734970.14;20793953.52;16732773.98;0.306907681;0.693092319;0.5;OK;0.470591613;0.45;OK;0.377672424;;N/A;0.377672424;;N/A;0.377672424;;N/A;2.29;0;10696782.21;40719003.94;18015966.2;12461715.5;9067002.83;6038787.33;4279367.26;3138898.81;2005532.66;3307976.55;419723;3904907.61;3398890.68;3805544.31;3828990.44;3077633.16;0;0;0;712.02;916305.71;15500000.47;315755.78;0.066483521;0.057868263;0.064791798;0.065190983;0.05239865;0;0;0;0.377672424;0.377672424;0.377672424;0.377672424;0.377672424;16732773.98;28863633.71;20590906.31;5066004.8;0;0;0;0;0;0;0
FIDC Pagaleve;31/08/2024;6824582.731;5024864.06;276032.73;3763213.36;0.551420286;0.448579714;0.67;Flag;0.244657483;0.1579;OK;0.244657483;;N/A;0.244657483;;N/A;0.244657483;;N/A;-1;0;11184816.59;4674817.19;350046.87;4529420.21;141499.78;3897.2;0;0;0;0;0;157684.84;111384.32;80977.71;0;0;0;0;0;114681.73;91038.63;3550334.12;7158.88;0.031380917;0.022166633;0.016115403;0;0;0;0;0;0.244657483;0.244657483;0.244657483;0.244657483;0.244657483;3763213.36;5154897.5;1669685.231;0;0;0;0;0;0;0;0
FIDC Pagaleve;30/09/2024;6906979.365;6399320.43;182341.53;2753202.88;0.398611714;0.601388286;0.67;Flag;0.253750203;0.1579;OK;0.253750203;;N/A;0.253750203;;N/A;0.253750203;;N/A;-1.58;0;13347608.47;5765239.25;634081.18;5682407.4;82831.85;0;0;0;0;0;0;455528.91;90751.24;87801.03;0;0;0;0;0;193227.32;91850.48;2452813.69;15311.39;0.071183951;0.014181387;0.013720368;0;0;0;0;0;0.253750203;0.253750203;0.253750203;0.253750203;0.253750203;2753202.88;5154331.95;1752647.414;0;0;0;0;0;0;0;0
FIDC Pagaleve;31/10/2024;6946767.942;5525877.06;156314.58;2313235.2;0.332994454;0.667005546;0.67;Flag;0.256692538;0.1579;OK;0.256692538;;N/A;0.256692538;;N/A;0.256692538;;N/A;1.74;0;7601648.63;5133854.56;392022.5;5133123.13;731.43;0;0;0;0;0;0;202971.91;105334.01;83716.58;0;0;0;0;0;285673.59;92784.91;1922086.16;12690.54;0.036731166;0.019061953;0.015149917;0;0;0;0;0;0.256692538;0.256692538;0.256692538;0.256692538;0.256692538;2313235.2;5163584.45;1783183.492;0;0;0;0;0;0;0;0
FIDC Pagaleve;30/11/2024;6937828.87;6336331.2;155624.97;2243328.18;0.323347292;0.676652708;0.67;OK;0.257735479;0.1579;OK;0.257735479;;N/A;0.257735479;;N/A;0.257735479;;N/A;0.28;0;8516422.82;5862191.99;474139.21;5861601.58;590.41;0;0;0;0;0;0;293041.73;95681.21;85416.27;0;0;0;0;0;264288.94;93566.32;1866956.7;18516.22;0.046247856;0.015100412;0.013480399;0;0;0;0;0;0.257735479;0.257735479;0.257735479;0.257735479;0.257735479;2243328.18;5149704.224;1788124.646;0;0;0;0;0;0;0;0
FIDC Pagaleve;31/05/2025;38908862.39;38096897.87;1123550;4997791.05;0.128448655;0.871551345;0.67;OK;0.209950879;0.1579;OK;0.209950879;;N/A;0.209950879;;N/A;0.209950879;;N/A;16.3;0;39577488.4;34305426.5;3791471.37;27506823.03;6016859.74;389380.75;204530.05;93072.39;32226;62534.54;0;2972534.04;440269.01;194147.88;184520.44;0;0;0;0;623865.01;99464.12;4261517.44;12944.48;0.078025619;0.011556558;0.00509616;0.004843451;0;0;0;0;0.209950879;0.209950879;0.209950879;0.209950879;0.209950879;4997791.05;30739912.55;8168949.84;0;0;0;0;0;0;0;0
FIDC Pagaleve;31/12/2024;10382013.52;9670521.39;141851.98;2214861.08;0.21333637;0.78666363;0.67;OK;0.503089927;0.1579;OK;0.503089927;;N/A;0.503089927;;N/A;0.503089927;;N/A;11.98;0;15781901.34;9200337.16;470184.23;8092581.51;1107755.65;0;0;0;0;0;0;298381.41;84840.18;86962.64;0;0;0;0;0;853394.34;94361.56;1264146.58;2958.6;0.030854739;0.008773072;0.008992549;0;0;0;0;0;0.503089927;0.503089927;0.503089927;0.503089927;0.503089927;2214861.08;5158927.1;5223086.419;0;0;0;0;0;0;0;0
FIDC Pagaleve;31/01/2025;10761792.68;10204539.03;181454.57;1914990.22;0.177943422;0.822056578;0.67;OK;0.520198688;0.1579;OK;0.520198688;;N/A;0.520198688;;N/A;0.520198688;;N/A;7.18;0;13956880.51;9612462.46;592076.57;7943495.67;1668966.79;0;0;0;0;0;0;371690.05;149072.56;71313.96;0;0;0;0;0;166666.27;95426.39;1652897.56;0;0.036423992;0.014608456;0.006988455;0;0;0;0;0;0.520198688;0.520198688;0.520198688;0.520198688;0.520198688;1914990.22;5163522.251;5598270.427;0;0;0;0;0;0;0;0
FIDC Pagaleve;28/02/2025;11082525.84;11468562.78;253516.24;1065959.73;0.096183825;0.903816175;0.67;OK;0.534614699;0.1579;OK;0.534614699;;N/A;0.534614699;;N/A;0.534614699;;N/A;5.83;0;13872153.12;10770091.14;698471.64;8815599.93;1954491.21;0;0;0;0;0;0;359444.88;235862.3;103164.46;0;0;0;0;0;270018.14;96372.44;699569.15;0;0.031341755;0.020565986;0.008995413;0;0;0;0;0;0.534614699;0.534614699;0.534614699;0.534614699;0.534614699;1065959.73;5157644.624;5924881.219;0;0;0;0;0;0;0;0
FIDC Pagaleve;31/03/2025;11482248.56;12615710.93;330627.64;1337281.78;0.116465148;0.883534852;0.67;OK;0.550704109;0.1579;OK;0.550704109;;N/A;0.550704109;;N/A;0.550704109;;N/A;6.72;0;13000000;11789327.22;826383.71;10438648.87;1350678.35;0;0;0;0;0;0;406547.84;215346.22;204489.65;0;0;0;0;0;253674.82;97300.43;986306.53;0;0.03222552;0.017069686;0.016209126;0;0;0;0;0;0.550704109;0.550704109;0.550704109;0.550704109;0.550704109;1337281.78;5158927.1;6323321.457;0;0;0;0;0;0;0;0
FIDC Pagaleve;30/04/2025;37270879.89;38582861.32;1375428.76;2397988.51;0.064339466;0.935660534;0.67;OK;0.188452402;0.1579;OK;0.188452402;;N/A;0.188452402;;N/A;0.188452402;;N/A;11.08;0;48954144.63;36101563.37;2481297.95;30422887.16;5305214;192009.16;95688.87;40237.83;17179.69;28346.66;0;1188227.78;214143.49;193096.59;191040.38;114604.84;62711.28;401695.45;115778.14;510870.5;98320.88;1788797.13;0;0.030796777;0.005550223;0.005004724;0.004951431;0.002970356;0.001625366;0.010411241;0.003000766;0.188452402;0.188452402;0.188452402;0.188452402;0.188452402;2397988.51;30247093.05;7023786.842;0;0;0;0;0;0;0;0
FIDC Pagaleve;30/06/2025;42359176.73;46823579.63;1729729.63;1105854.22;0.026106603;0.973893397;0.67;OK;0.213456855;0.1579;OK;0.213456855;;N/A;0.213456855;;N/A;0.213456855;;N/A;7.2;0;47489657.52;42963383.36;3860196.27;34226796.44;7561493.37;551399.59;331670.16;141359.36;47856.22;102808.22;0;2187831.86;1065713.51;407771.44;198879.46;0;0;0;0;993499.82;0;100;112254.4;0.046725002;0.022760189;0.008708677;0.004247421;0;0;0;0;0.213456855;0.213456855;0.213456855;0.213456855;0.213456855;1105854.22;33317320.08;9041856.65;0;0;0;0;0;0;0;0
FIDC Pagaleve;31/07/2025;48832515.56;60364012.33;4159270.94;1828006.08;0.037434198;0.962565802;0.67;OK;0.173801699;0.1579;OK;0.173801699;;N/A;0.173801699;;N/A;0.173801699;;N/A;-6.13;0;50097218.6;48847727.77;11516284.56;38875797.05;8492954.32;734989.96;361410.91;142805.17;85082.97;154687.39;0;7352285.03;1590321.79;997956;383208.63;195760.57;156432.42;551534.29;288785.83;827840.76;0;888845.51;111319.81;0.121799144;0.026345528;0.016532301;0.006348296;0.003243001;0.002591485;0.009136806;0.004784073;0.173801699;0.173801699;0.173801699;0.173801699;0.173801699;1828006.08;40345341.37;8487174.195;0;0;0;0;0;0;0;0
